{
  "H": 0.5858150988919267,
  "O": 1.2472192428021667,
  "N": 1.341705549075058,
  "S": 1.9842124317307197,
  "C": 1.4361918553479494
}